feature,importance
ph,18.07907474839786
Sulfate,16.29654230080594
Hardness,12.008710587801398
Solids,11.696596983163644
Chloramines,11.051842276437345
Conductivity,8.647381717147317
Turbidity,8.241134504666553
Organic_carbon,7.1645064128340845
Trihalomethanes,6.81421046874586
